Clauses,T,s,Accuracy(%),,"? 数据加载成功！X 形状: (1928, 128), y 形状: (1928,)"
10,10,1.1,85.75129533678756,,
10,10,2.13,80.82901554404145,,?? 开始大范围三维网格搜索调参...
10,10,4.13,65.5440414507772,,?? 共生成 560 组参数组合待测试 (N:10 × T:7 × s:8)。
10,10,8,60.880829015544045,,? 警告：由于搜索空间极大，可能需要较长运行时间，进度将实时保存。
10,10,15.49,47.40932642487047,,"[1/560] 训练中: N=2, T=5, s=1.1 ... 验证率: 66.58%, 耗时/轮: 0.01s"
10,10,30,40.67357512953368,,    ?? 发现新的最优参数组合！验证率: 66.58%
10,50,1.1,73.83419689119171,,"[2/560] 训练中: N=2, T=5, s=2.1 ... 验证率: 56.48%, 耗时/轮: 0.00s"
10,50,2.13,67.35751295336787,,"[3/560] 训练中: N=2, T=5, s=3.99 ... 验证率: 46.63%, 耗时/轮: 0.00s"
10,50,4.13,57.2538860103627,,"[4/560] 训练中: N=2, T=5, s=7.6 ... 验证率: 40.16%, 耗时/轮: 0.00s"
10,50,8,54.66321243523316,,"[5/560] 训练中: N=2, T=5, s=14.47 ... 验证率: 33.16%, 耗时/轮: 0.00s"
10,50,15.49,42.74611398963731,,"[6/560] 训练中: N=2, T=5, s=27.57 ... 验证率: 29.53%, 耗时/轮: 0.00s"
10,50,30,36.787564766839374,,"[7/560] 训练中: N=2, T=5, s=52.5 ... 验证率: 27.72%, 耗时/轮: 0.00s"
10,100,1.1,80.05181347150258,,"[8/560] 训练中: N=2, T=5, s=100.0 ... 验证率: 26.42%, 耗时/轮: 0.00s"
10,100,2.13,67.09844559585493,,"[9/560] 训练中: N=2, T=20, s=1.1 ... 验证率: 60.36%, 耗时/轮: 0.01s"
10,100,4.13,62.43523316062176,,"[10/560] 训练中: N=2, T=20, s=2.1 ... 验证率: 53.63%, 耗时/轮: 0.00s"
10,100,8,60.62176165803109,,"[11/560] 训练中: N=2, T=20, s=3.99 ... 验证率: 51.30%, 耗时/轮: 0.00s"
10,100,15.49,45.854922279792746,,"[12/560] 训练中: N=2, T=20, s=7.6 ... 验证率: 34.20%, 耗时/轮: 0.00s"
10,100,30,34.97409326424871,,"[13/560] 训练中: N=2, T=20, s=14.47 ... 验证率: 34.46%, 耗时/轮: 0.00s"
10,150,1.1,74.09326424870466,,"[14/560] 训练中: N=2, T=20, s=27.57 ... 验证率: 28.50%, 耗时/轮: 0.00s"
10,150,2.13,68.39378238341969,,"[15/560] 训练中: N=2, T=20, s=52.5 ... 验证率: 27.20%, 耗时/轮: 0.00s"
10,150,4.13,57.2538860103627,,"[16/560] 训练中: N=2, T=20, s=100.0 ... 验证率: 25.13%, 耗时/轮: 0.00s"
10,150,8,55.95854922279793,,"[17/560] 训练中: N=2, T=50, s=1.1 ... 验证率: 57.25%, 耗时/轮: 0.01s"
10,150,15.49,46.1139896373057,,"[18/560] 训练中: N=2, T=50, s=2.1 ... 验证率: 51.30%, 耗时/轮: 0.00s"
10,150,30,37.04663212435233,,"[19/560] 训练中: N=2, T=50, s=3.99 ... 验证率: 49.48%, 耗时/轮: 0.00s"
10,200,1.1,79.53367875647669,,"[20/560] 训练中: N=2, T=50, s=7.6 ... 验证率: 38.60%, 耗时/轮: 0.00s"
10,200,2.13,62.69430051813472,,"[21/560] 训练中: N=2, T=50, s=14.47 ... 验证率: 33.94%, 耗时/轮: 0.00s"
10,200,4.13,64.24870466321244,,"[22/560] 训练中: N=2, T=50, s=27.57 ... 验证率: 28.76%, 耗时/轮: 0.00s"
10,200,8,51.554404145077726,,"[23/560] 训练中: N=2, T=50, s=52.5 ... 验证率: 26.42%, 耗时/轮: 0.00s"
10,200,15.49,45.59585492227979,,"[24/560] 训练中: N=2, T=50, s=100.0 ... 验证率: 25.13%, 耗时/轮: 0.00s"
10,200,30,36.26943005181347,,"[25/560] 训练中: N=2, T=100, s=1.1 ... 验证率: 64.51%, 耗时/轮: 0.01s"
100,10,1.1,92.2279792746114,,"[26/560] 训练中: N=2, T=100, s=2.1 ... 验证率: 54.40%, 耗时/轮: 0.00s"
100,10,2.13,90.67357512953367,,"[27/560] 训练中: N=2, T=100, s=3.99 ... 验证率: 49.48%, 耗时/轮: 0.00s"
100,10,4.13,88.60103626943005,,"[28/560] 训练中: N=2, T=100, s=7.6 ... 验证率: 31.87%, 耗时/轮: 0.00s"
100,10,8,89.63730569948186,,"[29/560] 训练中: N=2, T=100, s=14.47 ... 验证率: 30.31%, 耗时/轮: 0.00s"
100,10,15.49,89.63730569948186,,"[30/560] 训练中: N=2, T=100, s=27.57 ... 验证率: 30.57%, 耗时/轮: 0.00s"
100,10,30,85.75129533678756,,"[31/560] 训练中: N=2, T=100, s=52.5 ... 验证率: 26.94%, 耗时/轮: 0.00s"
100,50,1.1,88.60103626943005,,"[32/560] 训练中: N=2, T=100, s=100.0 ... 验证率: 25.65%, 耗时/轮: 0.00s"
100,50,2.13,89.11917098445595,,"[33/560] 训练中: N=2, T=200, s=1.1 ... 验证率: 61.92%, 耗时/轮: 0.01s"
100,50,4.13,85.49222797927462,,"[34/560] 训练中: N=2, T=200, s=2.1 ... 验证率: 52.85%, 耗时/轮: 0.00s"
100,50,8,80.82901554404145,,"[35/560] 训练中: N=2, T=200, s=3.99 ... 验证率: 46.63%, 耗时/轮: 0.00s"
100,50,15.49,71.24352331606218,,"[36/560] 训练中: N=2, T=200, s=7.6 ... 验证率: 38.60%, 耗时/轮: 0.00s"
100,50,30,64.24870466321244,,"[37/560] 训练中: N=2, T=200, s=14.47 ... 验证率: 30.57%, 耗时/轮: 0.00s"
100,100,1.1,87.8238341968912,,"[38/560] 训练中: N=2, T=200, s=27.57 ... 验证率: 29.02%, 耗时/轮: 0.00s"
100,100,2.13,87.30569948186529,,"[39/560] 训练中: N=2, T=200, s=52.5 ... 验证率: 25.91%, 耗时/轮: 0.00s"
100,100,4.13,87.8238341968912,,"[40/560] 训练中: N=2, T=200, s=100.0 ... 验证率: 25.91%, 耗时/轮: 0.00s"
100,100,8,74.87046632124353,,"[41/560] 训练中: N=2, T=500, s=1.1 ... 验证率: 65.28%, 耗时/轮: 0.01s"
100,100,15.49,69.68911917098445,,"[42/560] 训练中: N=2, T=500, s=2.1 ... 验证率: 59.84%, 耗时/轮: 0.00s"
100,100,30,60.10362694300518,,"[43/560] 训练中: N=2, T=500, s=3.99 ... 验证率: 40.41%, 耗时/轮: 0.00s"
100,150,1.1,82.38341968911918,,"[44/560] 训练中: N=2, T=500, s=7.6 ... 验证率: 39.12%, 耗时/轮: 0.00s"
100,150,2.13,83.16062176165802,,"[45/560] 训练中: N=2, T=500, s=14.47 ... 验证率: 31.61%, 耗时/轮: 0.00s"
100,150,4.13,85.23316062176166,,"[46/560] 训练中: N=2, T=500, s=27.57 ... 验证率: 28.24%, 耗时/轮: 0.00s"
100,150,8,76.94300518134715,,"[47/560] 训练中: N=2, T=500, s=52.5 ... 验证率: 27.20%, 耗时/轮: 0.00s"
100,150,15.49,72.279792746114,,"[48/560] 训练中: N=2, T=500, s=100.0 ... 验证率: 25.39%, 耗时/轮: 0.00s"
100,150,30,62.43523316062176,,"[49/560] 训练中: N=2, T=1000, s=1.1 ... 验证率: 59.07%, 耗时/轮: 0.01s"
100,200,1.1,83.41968911917098,,"[50/560] 训练中: N=2, T=1000, s=2.1 ... 验证率: 57.25%, 耗时/轮: 0.00s"
100,200,2.13,84.71502590673575,,"[51/560] 训练中: N=2, T=1000, s=3.99 ... 验证率: 43.01%, 耗时/轮: 0.00s"
100,200,4.13,82.64248704663213,,"[52/560] 训练中: N=2, T=1000, s=7.6 ... 验证率: 36.27%, 耗时/轮: 0.00s"
100,200,8,73.83419689119171,,"[53/560] 训练中: N=2, T=1000, s=14.47 ... 验证率: 32.64%, 耗时/轮: 0.00s"
100,200,15.49,68.65284974093264,,"[54/560] 训练中: N=2, T=1000, s=27.57 ... 验证率: 29.79%, 耗时/轮: 0.00s"
100,200,30,60.880829015544045,,"[55/560] 训练中: N=2, T=1000, s=52.5 ... 验证率: 25.39%, 耗时/轮: 0.00s"
500,10,1.1,92.48704663212435,,"[56/560] 训练中: N=2, T=1000, s=100.0 ... 验证率: 25.65%, 耗时/轮: 0.00s"
500,10,2.13,86.52849740932642,,"[57/560] 训练中: N=10, T=5, s=1.1 ... 验证率: 89.90%, 耗时/轮: 0.01s"
500,10,4.13,85.49222797927462,,    ?? 发现新的最优参数组合！验证率: 89.90%
500,10,8,90.67357512953367,,"[58/560] 训练中: N=10, T=5, s=2.1 ... 验证率: 90.41%, 耗时/轮: 0.01s"
500,10,15.49,89.89637305699482,,    ?? 发现新的最优参数组合！验证率: 90.41%
500,10,30,90.67357512953367,,"[59/560] 训练中: N=10, T=5, s=3.99 ... 验证率: 86.01%, 耗时/轮: 0.01s"
500,50,1.1,89.89637305699482,,"[60/560] 训练中: N=10, T=5, s=7.6 ... 验证率: 72.54%, 耗时/轮: 0.01s"
500,50,2.13,93.00518134715026,,"[61/560] 训练中: N=10, T=5, s=14.47 ... 验证率: 54.66%, 耗时/轮: 0.01s"
500,50,4.13,92.2279792746114,,"[62/560] 训练中: N=10, T=5, s=27.57 ... 验证率: 45.34%, 耗时/轮: 0.01s"
500,50,8,90.15544041450777,,"[63/560] 训练中: N=10, T=5, s=52.5 ... 验证率: 33.68%, 耗时/轮: 0.01s"
500,50,15.49,88.60103626943005,,"[64/560] 训练中: N=10, T=5, s=100.0 ... 验证率: 28.76%, 耗时/轮: 0.01s"
500,50,30,86.78756476683938,,"[65/560] 训练中: N=10, T=20, s=1.1 ... 验证率: 82.90%, 耗时/轮: 0.03s"
500,100,1.1,92.2279792746114,,"[66/560] 训练中: N=10, T=20, s=2.1 ... 验证率: 66.84%, 耗时/轮: 0.01s"
500,100,2.13,93.00518134715026,,"[67/560] 训练中: N=10, T=20, s=3.99 ... 验证率: 58.03%, 耗时/轮: 0.01s"
500,100,4.13,91.70984455958549,,"[68/560] 训练中: N=10, T=20, s=7.6 ... 验证率: 57.77%, 耗时/轮: 0.01s"
500,100,8,87.30569948186529,,"[69/560] 训练中: N=10, T=20, s=14.47 ... 验证率: 46.11%, 耗时/轮: 0.01s"
500,100,15.49,87.56476683937824,,"[70/560] 训练中: N=10, T=20, s=27.57 ... 验证率: 38.86%, 耗时/轮: 0.01s"
500,100,30,81.0880829015544,,"[71/560] 训练中: N=10, T=20, s=52.5 ... 验证率: 29.27%, 耗时/轮: 0.01s"
500,150,1.1,91.70984455958549,,"[72/560] 训练中: N=10, T=20, s=100.0 ... 验证率: 29.27%, 耗时/轮: 0.01s"
500,150,2.13,91.45077720207254,,"[73/560] 训练中: N=10, T=50, s=1.1 ... 验证率: 77.72%, 耗时/轮: 0.04s"
500,150,4.13,89.11917098445595,,"[74/560] 训练中: N=10, T=50, s=2.1 ... 验证率: 75.13%, 耗时/轮: -0.07s"
500,150,8,89.63730569948186,,"[75/560] 训练中: N=10, T=50, s=3.99 ... 验证率: 67.36%, 耗时/轮: 0.01s"
500,150,15.49,85.49222797927462,,"[76/560] 训练中: N=10, T=50, s=7.6 ... 验证率: 57.51%, 耗时/轮: 0.01s"
500,150,30,75.38860103626943,,"[77/560] 训练中: N=10, T=50, s=14.47 ... 验证率: 51.04%, 耗时/轮: 0.01s"
500,200,1.1,91.19170984455958,,"[78/560] 训练中: N=10, T=50, s=27.57 ... 验证率: 41.19%, 耗时/轮: 0.01s"
500,200,2.13,90.93264248704664,,"[79/560] 训练中: N=10, T=50, s=52.5 ... 验证率: 30.57%, 耗时/轮: 0.01s"
500,200,4.13,90.67357512953367,,"[80/560] 训练中: N=10, T=50, s=100.0 ... 验证率: 27.72%, 耗时/轮: 0.01s"
500,200,8,89.89637305699482,,"[81/560] 训练中: N=10, T=100, s=1.1 ... 验证率: 79.53%, 耗时/轮: 0.03s"
500,200,15.49,83.41968911917098,,"[82/560] 训练中: N=10, T=100, s=2.1 ... 验证率: 67.36%, 耗时/轮: 0.01s"
500,200,30,80.05181347150258,,"[83/560] 训练中: N=10, T=100, s=3.99 ... 验证率: 60.88%, 耗时/轮: 0.01s"
1000,10,1.1,88.08290155440415,,"[84/560] 训练中: N=10, T=100, s=7.6 ... 验证率: 55.18%, 耗时/轮: 0.01s"
1000,10,2.13,92.2279792746114,,"[85/560] 训练中: N=10, T=100, s=14.47 ... 验证率: 47.93%, 耗时/轮: 0.01s"
1000,10,4.13,87.04663212435233,,"[86/560] 训练中: N=10, T=100, s=27.57 ... 验证率: 36.53%, 耗时/轮: 0.01s"
1000,10,8,88.08290155440415,,"[87/560] 训练中: N=10, T=100, s=52.5 ... 验证率: 31.87%, 耗时/轮: 0.01s"
1000,10,15.49,88.3419689119171,,"[88/560] 训练中: N=10, T=100, s=100.0 ... 验证率: 26.94%, 耗时/轮: 0.01s"
1000,10,30,91.96891191709845,,"[89/560] 训练中: N=10, T=200, s=1.1 ... 验证率: 76.68%, 耗时/轮: 0.03s"
1000,50,1.1,87.56476683937824,,"[90/560] 训练中: N=10, T=200, s=2.1 ... 验证率: 70.47%, 耗时/轮: 0.01s"
1000,50,2.13,85.49222797927462,,"[91/560] 训练中: N=10, T=200, s=3.99 ... 验证率: 67.62%, 耗时/轮: 0.01s"
1000,50,4.13,91.19170984455958,,"[92/560] 训练中: N=10, T=200, s=7.6 ... 验证率: 57.25%, 耗时/轮: 0.01s"
1000,50,8,90.15544041450777,,"[93/560] 训练中: N=10, T=200, s=14.47 ... 验证率: 46.11%, 耗时/轮: 0.01s"
1000,50,15.49,88.3419689119171,,"[94/560] 训练中: N=10, T=200, s=27.57 ... 验证率: 38.86%, 耗时/轮: 0.01s"
1000,50,30,89.11917098445595,,"[95/560] 训练中: N=10, T=200, s=52.5 ... 验证率: 30.31%, 耗时/轮: 0.01s"
1000,100,1.1,90.41450777202073,,"[96/560] 训练中: N=10, T=200, s=100.0 ... 验证率: 29.27%, 耗时/轮: 0.01s"
1000,100,2.13,93.26424870466322,,"[97/560] 训练中: N=10, T=500, s=1.1 ... 验证率: 80.31%, 耗时/轮: 0.03s"
1000,100,4.13,91.19170984455958,,"[98/560] 训练中: N=10, T=500, s=2.1 ... 验证率: 67.36%, 耗时/轮: 0.01s"
1000,100,8,90.93264248704664,,"[99/560] 训练中: N=10, T=500, s=3.99 ... 验证率: 63.21%, 耗时/轮: 0.01s"
1000,100,15.49,89.63730569948186,,"[100/560] 训练中: N=10, T=500, s=7.6 ... 验证率: 56.22%, 耗时/轮: 0.01s"
1000,100,30,87.30569948186529,,"[101/560] 训练中: N=10, T=500, s=14.47 ... 验证率: 45.85%, 耗时/轮: 0.01s"
1000,150,1.1,92.2279792746114,,"[102/560] 训练中: N=10, T=500, s=27.57 ... 验证率: 37.56%, 耗时/轮: 0.01s"
1000,150,2.13,92.74611398963731,,"[103/560] 训练中: N=10, T=500, s=52.5 ... 验证率: 29.79%, 耗时/轮: 0.01s"
1000,150,4.13,92.48704663212435,,"[104/560] 训练中: N=10, T=500, s=100.0 ... 验证率: 27.98%, 耗时/轮: 0.01s"
1000,150,8,91.70984455958549,,"[105/560] 训练中: N=10, T=1000, s=1.1 ... 验证率: 73.32%, 耗时/轮: 0.03s"
1000,150,15.49,88.86010362694302,,"[106/560] 训练中: N=10, T=1000, s=2.1 ... 验证率: 65.03%, 耗时/轮: 0.01s"
1000,150,30,86.52849740932642,,"[107/560] 训练中: N=10, T=1000, s=3.99 ... 验证率: 65.80%, 耗时/轮: 0.01s"
1000,200,1.1,91.96891191709845,,"[108/560] 训练中: N=10, T=1000, s=7.6 ... 验证率: 55.70%, 耗时/轮: 0.01s"
1000,200,2.13,91.96891191709845,,"[109/560] 训练中: N=10, T=1000, s=14.47 ... 验证率: 45.34%, 耗时/轮: 0.01s"
1000,200,4.13,91.19170984455958,,"[110/560] 训练中: N=10, T=1000, s=27.57 ... 验证率: 35.75%, 耗时/轮: 0.01s"
1000,200,8,88.60103626943005,,"[111/560] 训练中: N=10, T=1000, s=52.5 ... 验证率: 30.31%, 耗时/轮: 0.01s"
1000,200,15.49,88.3419689119171,,"[112/560] 训练中: N=10, T=1000, s=100.0 ... 验证率: 27.46%, 耗时/轮: 0.01s"
1000,200,30,85.49222797927462,,"[113/560] 训练中: N=50, T=5, s=1.1 ... 验证率: 91.45%, 耗时/轮: 0.03s"
1500,10,1.1,88.08290155440415,,    ?? 发现新的最优参数组合！验证率: 91.45%
1500,10,2.13,83.41968911917098,,"[114/560] 训练中: N=50, T=5, s=2.1 ... 验证率: 91.97%, 耗时/轮: 0.01s"
1500,10,4.13,87.8238341968912,,    ?? 发现新的最优参数组合！验证率: 91.97%
1500,10,8,88.60103626943005,,"[115/560] 训练中: N=50, T=5, s=3.99 ... 验证率: 89.38%, 耗时/轮: 0.01s"
1500,10,15.49,88.3419689119171,,"[116/560] 训练中: N=50, T=5, s=7.6 ... 验证率: 90.41%, 耗时/轮: 0.01s"
1500,10,30,89.89637305699482,,"[117/560] 训练中: N=50, T=5, s=14.47 ... 验证率: 88.60%, 耗时/轮: 0.01s"
1500,50,1.1,88.3419689119171,,"[118/560] 训练中: N=50, T=5, s=27.57 ... 验证率: 82.12%, 耗时/轮: 0.01s"
1500,50,2.13,91.70984455958549,,"[119/560] 训练中: N=50, T=5, s=52.5 ... 验证率: 60.10%, 耗时/轮: 0.01s"
1500,50,4.13,86.26943005181347,,"[120/560] 训练中: N=50, T=5, s=100.0 ... 验证率: 46.89%, 耗时/轮: 0.02s"
1500,50,8,88.86010362694302,,"[121/560] 训练中: N=50, T=20, s=1.1 ... 验证率: 90.41%, 耗时/轮: 0.06s"
1500,50,15.49,89.37823834196891,,"[122/560] 训练中: N=50, T=20, s=2.1 ... 验证率: 89.90%, 耗时/轮: 0.02s"
1500,50,30,88.08290155440415,,"[123/560] 训练中: N=50, T=20, s=3.99 ... 验证率: 90.67%, 耗时/轮: 0.02s"
1500,100,1.1,90.67357512953367,,"[124/560] 训练中: N=50, T=20, s=7.6 ... 验证率: 83.16%, 耗时/轮: 0.02s"
1500,100,2.13,91.70984455958549,,"[125/560] 训练中: N=50, T=20, s=14.47 ... 验证率: 66.84%, 耗时/轮: 0.02s"
1500,100,4.13,91.70984455958549,,"[126/560] 训练中: N=50, T=20, s=27.57 ... 验证率: 56.48%, 耗时/轮: 0.02s"
1500,100,8,91.19170984455958,,"[127/560] 训练中: N=50, T=20, s=52.5 ... 验证率: 48.70%, 耗时/轮: 0.02s"
1500,100,15.49,89.63730569948186,,"[128/560] 训练中: N=50, T=20, s=100.0 ... 验证率: 39.38%, 耗时/轮: 0.02s"
1500,100,30,87.04663212435233,,"[129/560] 训练中: N=50, T=50, s=1.1 ... 验证率: 86.27%, 耗时/轮: 0.11s"
1500,150,1.1,92.2279792746114,,"[130/560] 训练中: N=50, T=50, s=2.1 ... 验证率: 86.79%, 耗时/轮: 0.04s"
1500,150,2.13,91.45077720207254,,"[131/560] 训练中: N=50, T=50, s=3.99 ... 验证率: 83.94%, 耗时/轮: 0.03s"
1500,150,4.13,91.19170984455958,,"[132/560] 训练中: N=50, T=50, s=7.6 ... 验证率: 73.58%, 耗时/轮: 0.02s"
1500,150,8,91.19170984455958,,"[133/560] 训练中: N=50, T=50, s=14.47 ... 验证率: 64.77%, 耗时/轮: 0.02s"
1500,150,15.49,90.15544041450777,,"[134/560] 训练中: N=50, T=50, s=27.57 ... 验证率: 56.22%, 耗时/轮: 0.02s"
1500,150,30,87.8238341968912,,"[135/560] 训练中: N=50, T=50, s=52.5 ... 验证率: 46.63%, 耗时/轮: 0.02s"
1500,200,1.1,92.48704663212435,,"[136/560] 训练中: N=50, T=50, s=100.0 ... 验证率: 37.56%, 耗时/轮: 0.02s"
1500,200,2.13,93.00518134715026,,"[137/560] 训练中: N=50, T=100, s=1.1 ... 验证率: 83.16%, 耗时/轮: 0.05s"
1500,200,4.13,90.93264248704664,,"[138/560] 训练中: N=50, T=100, s=2.1 ... 验证率: 82.12%, 耗时/轮: 0.05s"
1500,200,8,91.19170984455958,,"[139/560] 训练中: N=50, T=100, s=3.99 ... 验证率: 80.83%, 耗时/轮: 0.03s"
1500,200,15.49,87.30569948186529,,"[140/560] 训练中: N=50, T=100, s=7.6 ... 验证率: 72.02%, 耗时/轮: 0.02s"
1500,200,30,86.01036269430051,,"[141/560] 训练中: N=50, T=100, s=14.47 ... 验证率: 67.36%, 耗时/轮: 0.02s"
2000,10,1.1,73.05699481865285,,"[142/560] 训练中: N=50, T=100, s=27.57 ... 验证率: 61.66%, 耗时/轮: 0.02s"
2000,10,2.13,84.71502590673575,,"[143/560] 训练中: N=50, T=100, s=52.5 ... 验证率: 45.85%, 耗时/轮: 0.02s"
2000,10,4.13,85.75129533678756,,"[144/560] 训练中: N=50, T=100, s=100.0 ... 验证率: 39.38%, 耗时/轮: 0.02s"
2000,10,8,85.75129533678756,,"[145/560] 训练中: N=50, T=200, s=1.1 ... 验证率: 79.27%, 耗时/轮: 0.14s"
2000,10,15.49,89.37823834196891,,"[146/560] 训练中: N=50, T=200, s=2.1 ... 验证率: 79.53%, 耗时/轮: 0.05s"
2000,10,30,89.63730569948186,,"[147/560] 训练中: N=50, T=200, s=3.99 ... 验证率: 74.61%, 耗时/轮: 0.03s"
2000,50,1.1,87.30569948186529,,"[148/560] 训练中: N=50, T=200, s=7.6 ... 验证率: 73.06%, 耗时/轮: 0.02s"
2000,50,2.13,86.78756476683938,,"[149/560] 训练中: N=50, T=200, s=14.47 ... 验证率: 61.14%, 耗时/轮: 0.02s"
2000,50,4.13,86.26943005181347,,"[150/560] 训练中: N=50, T=200, s=27.57 ... 验证率: 54.40%, 耗时/轮: 0.02s"
2000,50,8,89.11917098445595,,"[151/560] 训练中: N=50, T=200, s=52.5 ... 验证率: 46.63%, 耗时/轮: 0.02s"
2000,50,15.49,87.56476683937824,,"[152/560] 训练中: N=50, T=200, s=100.0 ... 验证率: 37.56%, 耗时/轮: 0.02s"
2000,50,30,89.63730569948186,,"[153/560] 训练中: N=50, T=500, s=1.1 ... 验证率: 82.64%, 耗时/轮: 0.14s"
2000,100,1.1,71.50259067357513,,"[154/560] 训练中: N=50, T=500, s=2.1 ... 验证率: 78.24%, 耗时/轮: 0.05s"
2000,100,2.13,86.01036269430051,,"[155/560] 训练中: N=50, T=500, s=3.99 ... 验证率: 72.54%, 耗时/轮: 0.03s"
2000,100,4.13,91.45077720207254,,"[156/560] 训练中: N=50, T=500, s=7.6 ... 验证率: 70.73%, 耗时/轮: 0.02s"
2000,100,8,90.41450777202073,,"[157/560] 训练中: N=50, T=500, s=14.47 ... 验证率: 58.55%, 耗时/轮: 0.02s"
2000,100,15.49,90.93264248704664,,"[158/560] 训练中: N=50, T=500, s=27.57 ... 验证率: 53.63%, 耗时/轮: 0.02s"
2000,100,30,90.93264248704664,,"[159/560] 训练中: N=50, T=500, s=52.5 ... 验证率: 45.34%, 耗时/轮: 0.02s"
2000,150,1.1,90.41450777202073,,"[160/560] 训练中: N=50, T=500, s=100.0 ... 验证率: 36.01%, 耗时/轮: 0.02s"
2000,150,2.13,92.2279792746114,,"[161/560] 训练中: N=50, T=1000, s=1.1 ... 验证率: 81.61%, 耗时/轮: 0.14s"
2000,150,4.13,90.67357512953367,,"[162/560] 训练中: N=50, T=1000, s=2.1 ... 验证率: 81.35%, 耗时/轮: 0.05s"
2000,150,8,90.93264248704664,,"[163/560] 训练中: N=50, T=1000, s=3.99 ... 验证率: 79.02%, 耗时/轮: 0.03s"
2000,150,15.49,90.41450777202073,,"[164/560] 训练中: N=50, T=1000, s=7.6 ... 验证率: 67.88%, 耗时/轮: -0.06s"
2000,150,30,87.8238341968912,,"[165/560] 训练中: N=50, T=1000, s=14.47 ... 验证率: 66.06%, 耗时/轮: 0.02s"
2000,200,1.1,91.45077720207254,,"[166/560] 训练中: N=50, T=1000, s=27.57 ... 验证率: 52.33%, 耗时/轮: 0.02s"
2000,200,2.13,91.96891191709845,,"[167/560] 训练中: N=50, T=1000, s=52.5 ... 验证率: 43.01%, 耗时/轮: 0.02s"
2000,200,4.13,90.67357512953367,,"[168/560] 训练中: N=50, T=1000, s=100.0 ... 验证率: 36.79%, 耗时/轮: 0.02s"
2000,200,8,89.89637305699482,,"[169/560] 训练中: N=100, T=5, s=1.1 ... 验证率: 91.19%, 耗时/轮: 0.06s"
2000,200,15.49,89.89637305699482,,"[170/560] 训练中: N=100, T=5, s=2.1 ... 验证率: 90.16%, 耗时/轮: 0.02s"
2000,200,30,88.86010362694302,,"[171/560] 训练中: N=100, T=5, s=3.99 ... 验证率: 86.53%, 耗时/轮: 0.01s"
3000,10,1.1,90.93264248704664,,"[172/560] 训练中: N=100, T=5, s=7.6 ... 验证率: 89.90%, 耗时/轮: 0.01s"
3000,10,2.13,90.67357512953367,,"[173/560] 训练中: N=100, T=5, s=14.47 ... 验证率: 90.41%, 耗时/轮: 0.01s"
3000,10,4.13,88.08290155440415,,"[174/560] 训练中: N=100, T=5, s=27.57 ... 验证率: 88.60%, 耗时/轮: 0.01s"
3000,10,8,86.52849740932642,,"[175/560] 训练中: N=100, T=5, s=52.5 ... 验证率: 87.56%, 耗时/轮: 0.02s"
3000,10,15.49,88.3419689119171,,"[176/560] 训练中: N=100, T=5, s=100.0 ... 验证率: 60.62%, 耗时/轮: 0.02s"
3000,10,30,90.93264248704664,,"[177/560] 训练中: N=100, T=20, s=1.1 ... 验证率: 91.45%, 耗时/轮: 0.07s"
3000,50,1.1,90.15544041450777,,"[178/560] 训练中: N=100, T=20, s=2.1 ... 验证率: 90.93%, 耗时/轮: 0.03s"
3000,50,2.13,84.19689119170984,,"[179/560] 训练中: N=100, T=20, s=3.99 ... 验证率: 90.41%, 耗时/轮: 0.02s"
3000,50,4.13,84.97409326424871,,"[180/560] 训练中: N=100, T=20, s=7.6 ... 验证率: 88.34%, 耗时/轮: 0.02s"
3000,50,8,87.8238341968912,,"[181/560] 训练中: N=100, T=20, s=14.47 ... 验证率: 84.46%, 耗时/轮: 0.02s"
3000,50,15.49,89.11917098445595,,"[182/560] 训练中: N=100, T=20, s=27.57 ... 验证率: 72.02%, 耗时/轮: 0.03s"
3000,50,30,87.30569948186529,,"[183/560] 训练中: N=100, T=20, s=52.5 ... 验证率: 59.33%, 耗时/轮: 0.03s"
3000,100,1.1,88.86010362694302,,"[184/560] 训练中: N=100, T=20, s=100.0 ... 验证率: 49.22%, 耗时/轮: 0.03s"
3000,100,2.13,89.89637305699482,,"[185/560] 训练中: N=100, T=50, s=1.1 ... 验证率: 88.08%, 耗时/轮: 0.13s"
3000,100,4.13,86.78756476683938,,"[186/560] 训练中: N=100, T=50, s=2.1 ... 验证率: 90.16%, 耗时/轮: 0.06s"
3000,100,8,89.63730569948186,,"[187/560] 训练中: N=100, T=50, s=3.99 ... 验证率: 88.86%, 耗时/轮: 0.04s"
3000,100,15.49,90.67357512953367,,"[188/560] 训练中: N=100, T=50, s=7.6 ... 验证率: 82.64%, 耗时/轮: 0.03s"
3000,100,30,88.60103626943005,,"[189/560] 训练中: N=100, T=50, s=14.47 ... 验证率: 72.02%, 耗时/轮: 0.03s"
3000,150,1.1,90.67357512953367,,"[190/560] 训练中: N=100, T=50, s=27.57 ... 验证率: 66.06%, 耗时/轮: 0.03s"
3000,150,2.13,87.56476683937824,,"[191/560] 训练中: N=100, T=50, s=52.5 ... 验证率: 56.74%, 耗时/轮: 0.03s"
3000,150,4.13,89.11917098445595,,"[192/560] 训练中: N=100, T=50, s=100.0 ... 验证率: 46.37%, 耗时/轮: 0.03s"
3000,150,8,91.19170984455958,,"[193/560] 训练中: N=100, T=100, s=1.1 ... 验证率: 89.12%, 耗时/轮: 0.13s"
3000,150,15.49,90.93264248704664,,"[194/560] 训练中: N=100, T=100, s=2.1 ... 验证率: 86.53%, 耗时/轮: 0.08s"
3000,150,30,90.41450777202073,,"[195/560] 训练中: N=100, T=100, s=3.99 ... 验证率: 81.35%, 耗时/轮: 0.05s"
3000,200,1.1,91.45077720207254,,"[196/560] 训练中: N=100, T=100, s=7.6 ... 验证率: 77.46%, 耗时/轮: 0.04s"
3000,200,2.13,92.2279792746114,,"[197/560] 训练中: N=100, T=100, s=14.47 ... 验证率: 69.95%, 耗时/轮: 0.03s"
3000,200,4.13,90.67357512953367,,"[198/560] 训练中: N=100, T=100, s=27.57 ... 验证率: 62.44%, 耗时/轮: 0.03s"
3000,200,8,91.70984455958549,,"[199/560] 训练中: N=100, T=100, s=52.5 ... 验证率: 51.04%, 耗时/轮: 0.03s"
3000,200,15.49,89.89637305699482,,"[200/560] 训练中: N=100, T=100, s=100.0 ... 验证率: 49.48%, 耗时/轮: 0.03s"
3000,200,30,88.3419689119171,,"[201/560] 训练中: N=100, T=200, s=1.1 ... 验证率: 84.46%, 耗时/轮: 0.25s"
,,,,,"[202/560] 训练中: N=100, T=200, s=2.1 ... 验证率: 87.31%, 耗时/轮: 0.09s"
,,,,,"[203/560] 训练中: N=100, T=200, s=3.99 ... 验证率: 82.64%, 耗时/轮: 0.05s"
,,,,,"[204/560] 训练中: N=100, T=200, s=7.6 ... 验证率: 74.61%, 耗时/轮: 0.04s"
,,,,,"[205/560] 训练中: N=100, T=200, s=14.47 ... 验证率: 69.69%, 耗时/轮: 0.03s"
,,,,,"[206/560] 训练中: N=100, T=200, s=27.57 ... 验证率: 63.47%, 耗时/轮: 0.03s"
,,,,,"[207/560] 训练中: N=100, T=200, s=52.5 ... 验证率: 54.15%, 耗时/轮: 0.03s"
,,,,,"[208/560] 训练中: N=100, T=200, s=100.0 ... 验证率: 43.78%, 耗时/轮: 0.03s"
,,,,,"[209/560] 训练中: N=100, T=500, s=1.1 ... 验证率: 84.46%, 耗时/轮: 0.19s"
,,,,,"[210/560] 训练中: N=100, T=500, s=2.1 ... 验证率: 83.42%, 耗时/轮: 0.09s"
,,,,,"[211/560] 训练中: N=100, T=500, s=3.99 ... 验证率: 84.46%, 耗时/轮: 0.05s"
,,,,,"[212/560] 训练中: N=100, T=500, s=7.6 ... 验证率: 75.13%, 耗时/轮: 0.04s"
,,,,,"[213/560] 训练中: N=100, T=500, s=14.47 ... 验证率: 72.28%, 耗时/轮: 0.04s"
,,,,,"[214/560] 训练中: N=100, T=500, s=27.57 ... 验证率: 60.62%, 耗时/轮: 0.03s"
,,,,,"[215/560] 训练中: N=100, T=500, s=52.5 ... 验证率: 54.92%, 耗时/轮: 0.03s"
,,,,,"[216/560] 训练中: N=100, T=500, s=100.0 ... 验证率: 46.11%, 耗时/轮: 0.03s"
,,,,,"[217/560] 训练中: N=100, T=1000, s=1.1 ... 验证率: 82.12%, 耗时/轮: 0.28s"
,,,,,"[218/560] 训练中: N=100, T=1000, s=2.1 ... 验证率: 77.20%, 耗时/轮: 0.10s"
,,,,,"[219/560] 训练中: N=100, T=1000, s=3.99 ... 验证率: 78.24%, 耗时/轮: 0.05s"
,,,,,"[220/560] 训练中: N=100, T=1000, s=7.6 ... 验证率: 75.13%, 耗时/轮: 0.04s"
,,,,,"[221/560] 训练中: N=100, T=1000, s=14.47 ... 验证率: 66.58%, 耗时/轮: 0.04s"
,,,,,"[222/560] 训练中: N=100, T=1000, s=27.57 ... 验证率: 62.18%, 耗时/轮: 0.03s"
,,,,,"[223/560] 训练中: N=100, T=1000, s=52.5 ... 验证率: 55.18%, 耗时/轮: 0.03s"
,,,,,"[224/560] 训练中: N=100, T=1000, s=100.0 ... 验证率: 45.60%, 耗时/轮: 0.03s"
,,,,,"[225/560] 训练中: N=500, T=5, s=1.1 ... 验证率: 77.72%, 耗时/轮: 0.20s"
,,,,,"[226/560] 训练中: N=500, T=5, s=2.1 ... 验证率: 91.45%, 耗时/轮: 0.10s"
,,,,,"[227/560] 训练中: N=500, T=5, s=3.99 ... 验证率: 86.01%, 耗时/轮: 0.05s"
,,,,,"[228/560] 训练中: N=500, T=5, s=7.6 ... 验证率: 88.86%, 耗时/轮: 0.04s"
,,,,,"[229/560] 训练中: N=500, T=5, s=14.47 ... 验证率: 89.90%, 耗时/轮: 0.04s"
,,,,,"[230/560] 训练中: N=500, T=5, s=27.57 ... 验证率: 89.90%, 耗时/轮: 0.04s"
,,,,,"[231/560] 训练中: N=500, T=5, s=52.5 ... 验证率: 89.90%, 耗时/轮: 0.04s"
,,,,,"[232/560] 训练中: N=500, T=5, s=100.0 ... 验证率: 88.34%, 耗时/轮: 0.05s"
,,,,,"[233/560] 训练中: N=500, T=20, s=1.1 ... 验证率: 90.93%, 耗时/轮: 0.26s"
,,,,,"[234/560] 训练中: N=500, T=20, s=2.1 ... 验证率: 86.53%, 耗时/轮: 0.10s"
,,,,,"[235/560] 训练中: N=500, T=20, s=3.99 ... 验证率: 85.49%, 耗时/轮: 0.05s"
,,,,,"[236/560] 训练中: N=500, T=20, s=7.6 ... 验证率: 90.16%, 耗时/轮: 0.04s"
,,,,,"[237/560] 训练中: N=500, T=20, s=14.47 ... 验证率: 88.86%, 耗时/轮: 0.04s"
,,,,,"[238/560] 训练中: N=500, T=20, s=27.57 ... 验证率: 90.67%, 耗时/轮: -0.03s"
,,,,,"[239/560] 训练中: N=500, T=20, s=52.5 ... 验证率: 89.12%, 耗时/轮: 0.07s"
,,,,,"[240/560] 训练中: N=500, T=20, s=100.0 ... 验证率: 73.32%, 耗时/轮: 0.11s"
,,,,,"[241/560] 训练中: N=500, T=50, s=1.1 ... 验证率: 90.93%, 耗时/轮: 0.28s"
,,,,,"[242/560] 训练中: N=500, T=50, s=2.1 ... 验证率: 91.19%, 耗时/轮: 0.10s"
,,,,,"[243/560] 训练中: N=500, T=50, s=3.99 ... 验证率: 91.45%, 耗时/轮: 0.06s"
,,,,,"[244/560] 训练中: N=500, T=50, s=7.6 ... 验证率: 91.19%, 耗时/轮: 0.05s"
,,,,,"[245/560] 训练中: N=500, T=50, s=14.47 ... 验证率: 91.71%, 耗时/轮: 0.06s"
,,,,,"[246/560] 训练中: N=500, T=50, s=27.57 ... 验证率: 87.31%, 耗时/轮: 0.09s"
,,,,,"[247/560] 训练中: N=500, T=50, s=52.5 ... 验证率: 80.05%, 耗时/轮: 0.11s"
,,,,,"[248/560] 训练中: N=500, T=50, s=100.0 ... 验证率: 74.87%, 耗时/轮: 0.04s"
,,,,,"[249/560] 训练中: N=500, T=100, s=1.1 ... 验证率: 91.71%, 耗时/轮: 0.36s"
,,,,,"[250/560] 训练中: N=500, T=100, s=2.1 ... 验证率: 91.71%, 耗时/轮: 0.13s"
,,,,,"[251/560] 训练中: N=500, T=100, s=3.99 ... 验证率: 90.16%, 耗时/轮: 0.08s"
,,,,,"[252/560] 训练中: N=500, T=100, s=7.6 ... 验证率: 88.86%, 耗时/轮: 0.09s"
,,,,,"[253/560] 训练中: N=500, T=100, s=14.47 ... 验证率: 87.56%, 耗时/轮: 0.11s"
,,,,,"[254/560] 训练中: N=500, T=100, s=27.57 ... 验证率: 81.35%, 耗时/轮: 0.13s"
,,,,,"[255/560] 训练中: N=500, T=100, s=52.5 ... 验证率: 75.91%, 耗时/轮: 0.13s"
,,,,,"[256/560] 训练中: N=500, T=100, s=100.0 ... 验证率: 67.62%, 耗时/轮: 0.05s"
,,,,,"[257/560] 训练中: N=500, T=200, s=1.1 ... 验证率: 90.93%, 耗时/轮: 0.52s"
,,,,,"[258/560] 训练中: N=500, T=200, s=2.1 ... 验证率: 89.90%, 耗时/轮: 0.21s"
,,,,,"[259/560] 训练中: N=500, T=200, s=3.99 ... 验证率: 90.67%, 耗时/轮: 0.14s"
,,,,,"[260/560] 训练中: N=500, T=200, s=7.6 ... 验证率: 89.12%, 耗时/轮: 0.05s"
,,,,,"[261/560] 训练中: N=500, T=200, s=14.47 ... 验证率: 81.35%, 耗时/轮: 0.14s"
,,,,,"[262/560] 训练中: N=500, T=200, s=27.57 ... 验证率: 76.42%, 耗时/轮: 0.14s"
,,,,,"[263/560] 训练中: N=500, T=200, s=52.5 ... 验证率: 74.87%, 耗时/轮: 0.14s"
,,,,,"[264/560] 训练中: N=500, T=200, s=100.0 ... 验证率: 68.13%, 耗时/轮: 0.13s"
,,,,,"[265/560] 训练中: N=500, T=500, s=1.1 ... 验证率: 86.27%, 耗时/轮: 0.98s"
,,,,,"[266/560] 训练中: N=500, T=500, s=2.1 ... 验证率: 87.82%, 耗时/轮: 0.39s"
,,,,,"[267/560] 训练中: N=500, T=500, s=3.99 ... 验证率: 86.01%, 耗时/轮: 0.13s"
,,,,,"[268/560] 训练中: N=500, T=500, s=7.6 ... 验证率: 85.75%, 耗时/轮: 0.17s"
,,,,,"[269/560] 训练中: N=500, T=500, s=14.47 ... 验证率: 81.87%, 耗时/轮: 0.16s"
,,,,,"[270/560] 训练中: N=500, T=500, s=27.57 ... 验证率: 76.17%, 耗时/轮: 0.15s"
,,,,,"[271/560] 训练中: N=500, T=500, s=52.5 ... 验证率: 75.13%, 耗时/轮: 0.14s"
,,,,,"[272/560] 训练中: N=500, T=500, s=100.0 ... 验证率: 69.17%, 耗时/轮: 0.14s"
,,,,,"[273/560] 训练中: N=500, T=1000, s=1.1 ... 验证率: 83.16%, 耗时/轮: 1.17s"
,,,,,"[274/560] 训练中: N=500, T=1000, s=2.1 ... 验证率: 86.53%, 耗时/轮: 0.35s"
,,,,,"[275/560] 训练中: N=500, T=1000, s=3.99 ... 验证率: 85.23%, 耗时/轮: 0.23s"
,,,,,"[276/560] 训练中: N=500, T=1000, s=7.6 ... 验证率: 82.90%, 耗时/轮: 0.18s"
,,,,,"[277/560] 训练中: N=500, T=1000, s=14.47 ... 验证率: 80.31%, 耗时/轮: 0.16s"
,,,,,"[278/560] 训练中: N=500, T=1000, s=27.57 ... 验证率: 80.83%, 耗时/轮: 0.06s"
,,,,,"[279/560] 训练中: N=500, T=1000, s=52.5 ... 验证率: 68.91%, 耗时/轮: 0.14s"
,,,,,"[280/560] 训练中: N=500, T=1000, s=100.0 ... 验证率: 67.62%, 耗时/轮: 0.13s"
,,,,,"[281/560] 训练中: N=1000, T=5, s=1.1 ... 验证率: 88.08%, 耗时/轮: 0.58s"
,,,,,"[282/560] 训练中: N=1000, T=5, s=2.1 ... 验证率: 90.67%, 耗时/轮: 0.13s"
,,,,,"[283/560] 训练中: N=1000, T=5, s=3.99 ... 验证率: 84.20%, 耗时/轮: 0.10s"
,,,,,"[284/560] 训练中: N=1000, T=5, s=7.6 ... 验证率: 87.56%, 耗时/轮: 0.07s"
,,,,,"[285/560] 训练中: N=1000, T=5, s=14.47 ... 验证率: 88.34%, 耗时/轮: 0.06s"
,,,,,"[286/560] 训练中: N=1000, T=5, s=27.57 ... 验证率: 91.19%, 耗时/轮: 0.07s"
,,,,,"[287/560] 训练中: N=1000, T=5, s=52.5 ... 验证率: 88.08%, 耗时/轮: 0.07s"
,,,,,"[288/560] 训练中: N=1000, T=5, s=100.0 ... 验证率: 89.90%, 耗时/轮: 0.09s"
,,,,,"[289/560] 训练中: N=1000, T=20, s=1.1 ... 验证率: 83.42%, 耗时/轮: 0.53s"
,,,,,"[290/560] 训练中: N=1000, T=20, s=2.1 ... 验证率: 88.86%, 耗时/轮: 0.19s"
,,,,,"[291/560] 训练中: N=1000, T=20, s=3.99 ... 验证率: 86.79%, 耗时/轮: 0.10s"
,,,,,"[292/560] 训练中: N=1000, T=20, s=7.6 ... 验证率: 89.12%, 耗时/轮: 0.07s"
,,,,,"[293/560] 训练中: N=1000, T=20, s=14.47 ... 验证率: 90.41%, 耗时/轮: 0.07s"
,,,,,"[294/560] 训练中: N=1000, T=20, s=27.57 ... 验证率: 90.93%, 耗时/轮: 0.08s"
,,,,,"[295/560] 训练中: N=1000, T=20, s=52.5 ... 验证率: 90.16%, 耗时/轮: 0.10s"
,,,,,"[296/560] 训练中: N=1000, T=20, s=100.0 ... 验证率: 87.05%, 耗时/轮: 0.14s"
,,,,,"[297/560] 训练中: N=1000, T=50, s=1.1 ... 验证率: 90.67%, 耗时/轮: 0.41s"
,,,,,"[298/560] 训练中: N=1000, T=50, s=2.1 ... 验证率: 91.19%, 耗时/轮: 0.19s"
,,,,,"[299/560] 训练中: N=1000, T=50, s=3.99 ... 验证率: 89.12%, 耗时/轮: 0.10s"
,,,,,"[300/560] 训练中: N=1000, T=50, s=7.6 ... 验证率: 91.19%, 耗时/轮: 0.08s"
,,,,,"[301/560] 训练中: N=1000, T=50, s=14.47 ... 验证率: 91.19%, 耗时/轮: 0.09s"
,,,,,"[302/560] 训练中: N=1000, T=50, s=27.57 ... 验证率: 88.60%, 耗时/轮: 0.11s"
,,,,,"[303/560] 训练中: N=1000, T=50, s=52.5 ... 验证率: 82.90%, 耗时/轮: 0.16s"
,,,,,"[304/560] 训练中: N=1000, T=50, s=100.0 ... 验证率: 87.05%, 耗时/轮: 0.14s"
,,,,,"[305/560] 训练中: N=1000, T=100, s=1.1 ... 验证率: 91.71%, 耗时/轮: 0.56s"
,,,,,"[306/560] 训练中: N=1000, T=100, s=2.1 ... 验证率: 91.97%, 耗时/轮: 0.20s"
,,,,,"[307/560] 训练中: N=1000, T=100, s=3.99 ... 验证率: 90.41%, 耗时/轮: 0.11s"
,,,,,"[308/560] 训练中: N=1000, T=100, s=7.6 ... 验证率: 89.38%, 耗时/轮: 0.10s"
,,,,,"[309/560] 训练中: N=1000, T=100, s=14.47 ... 验证率: 90.93%, 耗时/轮: 0.05s"
,,,,,"[310/560] 训练中: N=1000, T=100, s=27.57 ... 验证率: 89.64%, 耗时/轮: 0.18s"
,,,,,"[311/560] 训练中: N=1000, T=100, s=52.5 ... 验证率: 83.94%, 耗时/轮: 0.23s"
,,,,,"[312/560] 训练中: N=1000, T=100, s=100.0 ... 验证率: 77.20%, 耗时/轮: 0.26s"
,,,,,"[313/560] 训练中: N=1000, T=200, s=1.1 ... 验证率: 91.97%, 耗时/轮: 0.70s"
,,,,,"[314/560] 训练中: N=1000, T=200, s=2.1 ... 验证率: 91.71%, 耗时/轮: 0.29s"
,,,,,"[315/560] 训练中: N=1000, T=200, s=3.99 ... 验证率: 90.93%, 耗时/轮: 0.18s"
,,,,,"[316/560] 训练中: N=1000, T=200, s=7.6 ... 验证率: 87.31%, 耗时/轮: 0.11s"
,,,,,"[317/560] 训练中: N=1000, T=200, s=14.47 ... 验证率: 87.82%, 耗时/轮: 0.23s"
,,,,,"[318/560] 训练中: N=1000, T=200, s=27.57 ... 验证率: 84.72%, 耗时/轮: 0.28s"
,,,,,"[319/560] 训练中: N=1000, T=200, s=52.5 ... 验证率: 81.87%, 耗时/轮: 0.29s"
,,,,,"[320/560] 训练中: N=1000, T=200, s=100.0 ... 验证率: 73.58%, 耗时/轮: 0.20s"
,,,,,"[321/560] 训练中: N=1000, T=500, s=1.1 ... 验证率: 88.34%, 耗时/轮: 1.32s"
,,,,,"[322/560] 训练中: N=1000, T=500, s=2.1 ... 验证率: 88.34%, 耗时/轮: 0.56s"
,,,,,"[323/560] 训练中: N=1000, T=500, s=3.99 ... 验证率: 90.16%, 耗时/轮: 0.25s"
,,,,,"[324/560] 训练中: N=1000, T=500, s=7.6 ... 验证率: 89.90%, 耗时/轮: 0.31s"
,,,,,"[325/560] 训练中: N=1000, T=500, s=14.47 ... 验证率: 84.46%, 耗时/轮: 0.32s"
,,,,,"[326/560] 训练中: N=1000, T=500, s=27.57 ... 验证率: 83.94%, 耗时/轮: 0.24s"
,,,,,"[327/560] 训练中: N=1000, T=500, s=52.5 ... 验证率: 78.76%, 耗时/轮: 0.31s"
,,,,,"[328/560] 训练中: N=1000, T=500, s=100.0 ... 验证率: 75.65%, 耗时/轮: 0.29s"
,,,,,"[329/560] 训练中: N=1000, T=1000, s=1.1 ... 验证率: 86.79%, 耗时/轮: 2.09s"
,,,,,"[330/560] 训练中: N=1000, T=1000, s=2.1 ... 验证率: 88.34%, 耗时/轮: 0.73s"
,,,,,"[331/560] 训练中: N=1000, T=1000, s=3.99 ... 验证率: 87.31%, 耗时/轮: 0.44s"
,,,,,"[332/560] 训练中: N=1000, T=1000, s=7.6 ... 验证率: 85.49%, 耗时/轮: 0.27s"
,,,,,"[333/560] 训练中: N=1000, T=1000, s=14.47 ... 验证率: 82.90%, 耗时/轮: 0.32s"
,,,,,"[334/560] 训练中: N=1000, T=1000, s=27.57 ... 验证率: 82.12%, 耗时/轮: 0.31s"
,,,,,"[335/560] 训练中: N=1000, T=1000, s=52.5 ... 验证率: 79.53%, 耗时/轮: 0.20s"
,,,,,"[336/560] 训练中: N=1000, T=1000, s=100.0 ... 验证率: 73.83%, 耗时/轮: 0.27s"
,,,,,"[337/560] 训练中: N=1500, T=5, s=1.1 ... 验证率: 90.41%, 耗时/轮: 0.92s"
,,,,,"[338/560] 训练中: N=1500, T=5, s=2.1 ... 验证率: 91.97%, 耗时/轮: 0.32s"
,,,,,"[339/560] 训练中: N=1500, T=5, s=3.99 ... 验证率: 86.01%, 耗时/轮: 0.16s"
,,,,,"[340/560] 训练中: N=1500, T=5, s=7.6 ... 验证率: 85.49%, 耗时/轮: 0.11s"
,,,,,"[341/560] 训练中: N=1500, T=5, s=14.47 ... 验证率: 87.05%, 耗时/轮: 0.09s"
,,,,,"[342/560] 训练中: N=1500, T=5, s=27.57 ... 验证率: 88.60%, 耗时/轮: 0.10s"
,,,,,"[343/560] 训练中: N=1500, T=5, s=52.5 ... 验证率: 87.82%, 耗时/轮: 0.02s"
,,,,,"[344/560] 训练中: N=1500, T=5, s=100.0 ... 验证率: 87.05%, 耗时/轮: 0.13s"
,,,,,"[345/560] 训练中: N=1500, T=20, s=1.1 ... 验证率: 84.97%, 耗时/轮: 0.84s"
,,,,,"[346/560] 训练中: N=1500, T=20, s=2.1 ... 验证率: 90.93%, 耗时/轮: 0.23s"
,,,,,"[347/560] 训练中: N=1500, T=20, s=3.99 ... 验证率: 85.75%, 耗时/轮: 0.15s"
,,,,,"[348/560] 训练中: N=1500, T=20, s=7.6 ... 验证率: 86.53%, 耗时/轮: 0.10s"
,,,,,"[349/560] 训练中: N=1500, T=20, s=14.47 ... 验证率: 89.64%, 耗时/轮: 0.10s"
,,,,,"[350/560] 训练中: N=1500, T=20, s=27.57 ... 验证率: 87.82%, 耗时/轮: 0.11s"
,,,,,"[351/560] 训练中: N=1500, T=20, s=52.5 ... 验证率: 87.31%, 耗时/轮: 0.13s"
,,,,,"[352/560] 训练中: N=1500, T=20, s=100.0 ... 验证率: 90.41%, 耗时/轮: 0.18s"
,,,,,"[353/560] 训练中: N=1500, T=50, s=1.1 ... 验证率: 90.41%, 耗时/轮: 0.67s"
,,,,,"[354/560] 训练中: N=1500, T=50, s=2.1 ... 验证率: 84.97%, 耗时/轮: 0.29s"
,,,,,"[355/560] 训练中: N=1500, T=50, s=3.99 ... 验证率: 86.27%, 耗时/轮: 0.06s"
,,,,,"[356/560] 训练中: N=1500, T=50, s=7.6 ... 验证率: 90.16%, 耗时/轮: 0.11s"
,,,,,"[357/560] 训练中: N=1500, T=50, s=14.47 ... 验证率: 91.19%, 耗时/轮: 0.12s"
,,,,,"[358/560] 训练中: N=1500, T=50, s=27.57 ... 验证率: 88.60%, 耗时/轮: 0.15s"
,,,,,"[359/560] 训练中: N=1500, T=50, s=52.5 ... 验证率: 90.93%, 耗时/轮: 0.20s"
,,,,,"[360/560] 训练中: N=1500, T=50, s=100.0 ... 验证率: 82.90%, 耗时/轮: 0.30s"
,,,,,"[361/560] 训练中: N=1500, T=100, s=1.1 ... 验证率: 90.67%, 耗时/轮: 0.68s"
,,,,,"[362/560] 训练中: N=1500, T=100, s=2.1 ... 验证率: 92.23%, 耗时/轮: 0.28s"
,,,,,    ?? 发现新的最优参数组合！验证率: 92.23%
,,,,,"[363/560] 训练中: N=1500, T=100, s=3.99 ... 验证率: 91.45%, 耗时/轮: 0.15s"
,,,,,"[364/560] 训练中: N=1500, T=100, s=7.6 ... 验证率: 90.93%, 耗时/轮: 0.04s"
,,,,,"[365/560] 训练中: N=1500, T=100, s=14.47 ... 验证率: 90.16%, 耗时/轮: 0.15s"
,,,,,"[366/560] 训练中: N=1500, T=100, s=27.57 ... 验证率: 88.08%, 耗时/轮: 0.21s"
,,,,,"[367/560] 训练中: N=1500, T=100, s=52.5 ... 验证率: 84.46%, 耗时/轮: 0.29s"
,,,,,"[368/560] 训练中: N=1500, T=100, s=100.0 ... 验证率: 82.38%, 耗时/轮: 0.36s"
,,,,,"[369/560] 训练中: N=1500, T=200, s=1.1 ... 验证率: 91.97%, 耗时/轮: 0.84s"
,,,,,"[370/560] 训练中: N=1500, T=200, s=2.1 ... 验证率: 92.49%, 耗时/轮: 0.25s"
,,,,,    ?? 发现新的最优参数组合！验证率: 92.49%
,,,,,"[371/560] 训练中: N=1500, T=200, s=3.99 ... 验证率: 91.97%, 耗时/轮: 0.19s"
,,,,,"[372/560] 训练中: N=1500, T=200, s=7.6 ... 验证率: 91.45%, 耗时/轮: 0.19s"
,,,,,"[373/560] 训练中: N=1500, T=200, s=14.47 ... 验证率: 87.31%, 耗时/轮: 0.24s"
,,,,,"[374/560] 训练中: N=1500, T=200, s=27.57 ... 验证率: 83.42%, 耗时/轮: 0.23s"
,,,,,"[375/560] 训练中: N=1500, T=200, s=52.5 ... 验证率: 85.23%, 耗时/轮: 0.38s"
,,,,,"[376/560] 训练中: N=1500, T=200, s=100.0 ... 验证率: 80.05%, 耗时/轮: 0.40s"
,,,,,"[377/560] 训练中: N=1500, T=500, s=1.1 ... 验证率: 91.45%, 耗时/轮: 1.21s"
,,,,,"[378/560] 训练中: N=1500, T=500, s=2.1 ... 验证率: 90.41%, 耗时/轮: 0.53s"
,,,,,"[379/560] 训练中: N=1500, T=500, s=3.99 ... 验证率: 90.16%, 耗时/轮: 0.37s"
,,,,,"[380/560] 训练中: N=1500, T=500, s=7.6 ... 验证率: 91.19%, 耗时/轮: 0.27s"
,,,,,"[381/560] 训练中: N=1500, T=500, s=14.47 ... 验证率: 89.64%, 耗时/轮: 0.42s"
,,,,,"[382/560] 训练中: N=1500, T=500, s=27.57 ... 验证率: 86.01%, 耗时/轮: 0.42s"
,,,,,"[383/560] 训练中: N=1500, T=500, s=52.5 ... 验证率: 83.94%, 耗时/轮: 0.33s"
,,,,,"[384/560] 训练中: N=1500, T=500, s=100.0 ... 验证率: 81.35%, 耗时/轮: 0.40s"
,,,,,"[385/560] 训练中: N=1500, T=1000, s=1.1 ... 验证率: 87.05%, 耗时/轮: 2.32s"
,,,,,"[386/560] 训练中: N=1500, T=1000, s=2.1 ... 验证率: 89.38%, 耗时/轮: 0.89s"
,,,,,"[387/560] 训练中: N=1500, T=1000, s=3.99 ... 验证率: 88.60%, 耗时/轮: 0.58s"
,,,,,"[388/560] 训练中: N=1500, T=1000, s=7.6 ... 验证率: 86.01%, 耗时/轮: 0.41s"
,,,,,"[389/560] 训练中: N=1500, T=1000, s=14.47 ... 验证率: 88.86%, 耗时/轮: 0.46s"
,,,,,"[390/560] 训练中: N=1500, T=1000, s=27.57 ... 验证率: 83.16%, 耗时/轮: 0.44s"
,,,,,"[391/560] 训练中: N=1500, T=1000, s=52.5 ... 验证率: 81.61%, 耗时/轮: 0.33s"
,,,,,"[392/560] 训练中: N=1500, T=1000, s=100.0 ... 验证率: 74.61%, 耗时/轮: 0.41s"
,,,,,"[393/560] 训练中: N=2000, T=5, s=1.1 ... 验证率: 82.64%, 耗时/轮: 1.15s"
,,,,,"[394/560] 训练中: N=2000, T=5, s=2.1 ... 验证率: 89.90%, 耗时/轮: 0.35s"
,,,,,"[395/560] 训练中: N=2000, T=5, s=3.99 ... 验证率: 89.38%, 耗时/轮: 0.20s"
,,,,,"[396/560] 训练中: N=2000, T=5, s=7.6 ... 验证率: 87.05%, 耗时/轮: 0.14s"
,,,,,"[397/560] 训练中: N=2000, T=5, s=14.47 ... 验证率: 85.49%, 耗时/轮: 0.12s"
,,,,,"[398/560] 训练中: N=2000, T=5, s=27.57 ... 验证率: 88.34%, 耗时/轮: 0.12s"
,,,,,"[399/560] 训练中: N=2000, T=5, s=52.5 ... 验证率: 91.97%, 耗时/轮: 0.13s"
,,,,,"[400/560] 训练中: N=2000, T=5, s=100.0 ... 验证率: 88.08%, 耗时/轮: 0.16s"
,,,,,"[401/560] 训练中: N=2000, T=20, s=1.1 ... 验证率: 85.49%, 耗时/轮: 0.98s"
,,,,,"[402/560] 训练中: N=2000, T=20, s=2.1 ... 验证率: 90.93%, 耗时/轮: 0.41s"
,,,,,"[403/560] 训练中: N=2000, T=20, s=3.99 ... 验证率: 85.49%, 耗时/轮: 0.19s"
,,,,,"[404/560] 训练中: N=2000, T=20, s=7.6 ... 验证率: 86.53%, 耗时/轮: 0.14s"
,,,,,"[405/560] 训练中: N=2000, T=20, s=14.47 ... 验证率: 90.67%, 耗时/轮: 0.13s"
,,,,,"[406/560] 训练中: N=2000, T=20, s=27.57 ... 验证率: 89.12%, 耗时/轮: 0.14s"
,,,,,"[407/560] 训练中: N=2000, T=20, s=52.5 ... 验证率: 89.12%, 耗时/轮: 0.08s"
,,,,,"[408/560] 训练中: N=2000, T=20, s=100.0 ... 验证率: 87.31%, 耗时/轮: 0.21s"
,,,,,"[409/560] 训练中: N=2000, T=50, s=1.1 ... 验证率: 91.19%, 耗时/轮: 0.91s"
,,,,,"[410/560] 训练中: N=2000, T=50, s=2.1 ... 验证率: 90.16%, 耗时/轮: 0.38s"
,,,,,"[411/560] 训练中: N=2000, T=50, s=3.99 ... 验证率: 84.97%, 耗时/轮: 0.19s"
,,,,,"[412/560] 训练中: N=2000, T=50, s=7.6 ... 验证率: 89.90%, 耗时/轮: 0.14s"
,,,,,"[413/560] 训练中: N=2000, T=50, s=14.47 ... 验证率: 87.31%, 耗时/轮: 0.06s"
,,,,,"[414/560] 训练中: N=2000, T=50, s=27.57 ... 验证率: 89.38%, 耗时/轮: 0.17s"
,,,,,"[415/560] 训练中: N=2000, T=50, s=52.5 ... 验证率: 86.01%, 耗时/轮: 0.24s"
,,,,,"[416/560] 训练中: N=2000, T=50, s=100.0 ... 验证率: 81.61%, 耗时/轮: 0.34s"
,,,,,"[417/560] 训练中: N=2000, T=100, s=1.1 ... 验证率: 85.49%, 耗时/轮: 1.00s"
,,,,,"[418/560] 训练中: N=2000, T=100, s=2.1 ... 验证率: 86.01%, 耗时/轮: 0.33s"
,,,,,"[419/560] 训练中: N=2000, T=100, s=3.99 ... 验证率: 91.71%, 耗时/轮: 0.18s"
,,,,,"[420/560] 训练中: N=2000, T=100, s=7.6 ... 验证率: 91.19%, 耗时/轮: 0.15s"
,,,,,"[421/560] 训练中: N=2000, T=100, s=14.47 ... 验证率: 89.90%, 耗时/轮: 0.17s"
,,,,,"[422/560] 训练中: N=2000, T=100, s=27.57 ... 验证率: 86.53%, 耗时/轮: 0.22s"
,,,,,"[423/560] 训练中: N=2000, T=100, s=52.5 ... 验证率: 88.34%, 耗时/轮: 0.33s"
,,,,,"[424/560] 训练中: N=2000, T=100, s=100.0 ... 验证率: 82.64%, 耗时/轮: 0.42s"
,,,,,"[425/560] 训练中: N=2000, T=200, s=1.1 ... 验证率: 91.45%, 耗时/轮: 1.06s"
,,,,,"[426/560] 训练中: N=2000, T=200, s=2.1 ... 验证率: 91.71%, 耗时/轮: 0.37s"
,,,,,"[427/560] 训练中: N=2000, T=200, s=3.99 ... 验证率: 91.19%, 耗时/轮: 0.21s"
,,,,,"[428/560] 训练中: N=2000, T=200, s=7.6 ... 验证率: 91.45%, 耗时/轮: 0.19s"
,,,,,"[429/560] 训练中: N=2000, T=200, s=14.47 ... 验证率: 89.64%, 耗时/轮: 0.24s"
,,,,,"[430/560] 训练中: N=2000, T=200, s=27.57 ... 验证率: 88.08%, 耗时/轮: 0.33s"
,,,,,"[431/560] 训练中: N=2000, T=200, s=52.5 ... 验证率: 87.31%, 耗时/轮: 0.43s"
,,,,,"[432/560] 训练中: N=2000, T=200, s=100.0 ... 验证率: 82.90%, 耗时/轮: 0.48s"
,,,,,"[433/560] 训练中: N=2000, T=500, s=1.1 ... 验证率: 91.71%, 耗时/轮: 1.48s"
,,,,,"[434/560] 训练中: N=2000, T=500, s=2.1 ... 验证率: 91.45%, 耗时/轮: 0.52s"
,,,,,"[435/560] 训练中: N=2000, T=500, s=3.99 ... 验证率: 90.16%, 耗时/轮: 0.36s"
,,,,,"[436/560] 训练中: N=2000, T=500, s=7.6 ... 验证率: 90.16%, 耗时/轮: 0.37s"
,,,,,"[437/560] 训练中: N=2000, T=500, s=14.47 ... 验证率: 88.08%, 耗时/轮: 0.44s"
,,,,,"[438/560] 训练中: N=2000, T=500, s=27.57 ... 验证率: 86.27%, 耗时/轮: 0.50s"
,,,,,"[439/560] 训练中: N=2000, T=500, s=52.5 ... 验证率: 87.82%, 耗时/轮: 0.50s"
,,,,,"[440/560] 训练中: N=2000, T=500, s=100.0 ... 验证率: 82.38%, 耗时/轮: 0.49s"
,,,,,"[441/560] 训练中: N=2000, T=1000, s=1.1 ... 验证率: 88.60%, 耗时/轮: 2.36s"
,,,,,"[442/560] 训练中: N=2000, T=1000, s=2.1 ... 验证率: 89.64%, 耗时/轮: 0.96s"
,,,,,"[443/560] 训练中: N=2000, T=1000, s=3.99 ... 验证率: 89.64%, 耗时/轮: 0.58s"
,,,,,"[444/560] 训练中: N=2000, T=1000, s=7.6 ... 验证率: 89.12%, 耗时/轮: 0.56s"
,,,,,"[445/560] 训练中: N=2000, T=1000, s=14.47 ... 验证率: 88.60%, 耗时/轮: 0.55s"
,,,,,"[446/560] 训练中: N=2000, T=1000, s=27.57 ... 验证率: 84.97%, 耗时/轮: 0.53s"
,,,,,"[447/560] 训练中: N=2000, T=1000, s=52.5 ... 验证率: 80.83%, 耗时/轮: 0.51s"
,,,,,"[448/560] 训练中: N=2000, T=1000, s=100.0 ... 验证率: 80.05%, 耗时/轮: 0.50s"
,,,,,"[449/560] 训练中: N=3000, T=5, s=1.1 ... 验证率: 75.39%, 耗时/轮: 1.72s"
,,,,,"[450/560] 训练中: N=3000, T=5, s=2.1 ... 验证率: 89.38%, 耗时/轮: 0.60s"
,,,,,"[451/560] 训练中: N=3000, T=5, s=3.99 ... 验证率: 87.82%, 耗时/轮: 0.28s"
,,,,,"[452/560] 训练中: N=3000, T=5, s=7.6 ... 验证率: 87.56%, 耗时/轮: 0.18s"
,,,,,"[453/560] 训练中: N=3000, T=5, s=14.47 ... 验证率: 86.27%, 耗时/轮: 0.16s"
,,,,,"[454/560] 训练中: N=3000, T=5, s=27.57 ... 验证率: 87.82%, 耗时/轮: 0.16s"
,,,,,"[455/560] 训练中: N=3000, T=5, s=52.5 ... 验证率: 89.38%, 耗时/轮: 0.18s"
,,,,,"[456/560] 训练中: N=3000, T=5, s=100.0 ... 验证率: 88.34%, 耗时/轮: 0.21s"
,,,,,"[457/560] 训练中: N=3000, T=20, s=1.1 ... 验证率: 86.53%, 耗时/轮: 1.77s"
,,,,,"[458/560] 训练中: N=3000, T=20, s=2.1 ... 验证率: 90.93%, 耗时/轮: 0.57s"
,,,,,"[459/560] 训练中: N=3000, T=20, s=3.99 ... 验证率: 84.72%, 耗时/轮: 0.27s"
,,,,,"[460/560] 训练中: N=3000, T=20, s=7.6 ... 验证率: 87.31%, 耗时/轮: 0.18s"
,,,,,"[461/560] 训练中: N=3000, T=20, s=14.47 ... 验证率: 87.82%, 耗时/轮: 0.17s"
,,,,,"[462/560] 训练中: N=3000, T=20, s=27.57 ... 验证率: 90.67%, 耗时/轮: 0.18s"
,,,,,"[463/560] 训练中: N=3000, T=20, s=52.5 ... 验证率: 88.60%, 耗时/轮: 0.21s"
,,,,,"[464/560] 训练中: N=3000, T=20, s=100.0 ... 验证率: 89.64%, 耗时/轮: 0.27s"
,,,,,"[465/560] 训练中: N=3000, T=50, s=1.1 ... 验证率: 89.90%, 耗时/轮: 1.49s"
,,,,,"[466/560] 训练中: N=3000, T=50, s=2.1 ... 验证率: 88.34%, 耗时/轮: 0.55s"
,,,,,"[467/560] 训练中: N=3000, T=50, s=3.99 ... 验证率: 86.27%, 耗时/轮: 0.26s"
,,,,,"[468/560] 训练中: N=3000, T=50, s=7.6 ... 验证率: 86.79%, 耗时/轮: 0.18s"
,,,,,"[469/560] 训练中: N=3000, T=50, s=14.47 ... 验证率: 88.60%, 耗时/轮: 0.18s"
,,,,,"[470/560] 训练中: N=3000, T=50, s=27.57 ... 验证率: 87.82%, 耗时/轮: 0.21s"
,,,,,"[471/560] 训练中: N=3000, T=50, s=52.5 ... 验证率: 90.16%, 耗时/轮: 0.27s"
,,,,,"[472/560] 训练中: N=3000, T=50, s=100.0 ... 验证率: 87.82%, 耗时/轮: 0.38s"
,,,,,"[473/560] 训练中: N=3000, T=100, s=1.1 ... 验证率: 87.05%, 耗时/轮: 1.34s"
,,,,,"[474/560] 训练中: N=3000, T=100, s=2.1 ... 验证率: 88.86%, 耗时/轮: 0.53s"
,,,,,"[475/560] 训练中: N=3000, T=100, s=3.99 ... 验证率: 87.56%, 耗时/轮: 0.26s"
,,,,,"[476/560] 训练中: N=3000, T=100, s=7.6 ... 验证率: 91.45%, 耗时/轮: 0.20s"
,,,,,"[477/560] 训练中: N=3000, T=100, s=14.47 ... 验证率: 91.45%, 耗时/轮: 0.21s"
,,,,,"[478/560] 训练中: N=3000, T=100, s=27.57 ... 验证率: 89.64%, 耗时/轮: 0.26s"
,,,,,"[479/560] 训练中: N=3000, T=100, s=52.5 ... 验证率: 87.31%, 耗时/轮: 0.38s"
,,,,,"[480/560] 训练中: N=3000, T=100, s=100.0 ... 验证率: 84.20%, 耗时/轮: 0.56s"
,,,,,"[481/560] 训练中: N=3000, T=200, s=1.1 ... 验证率: 91.45%, 耗时/轮: 1.37s"
,,,,,"[482/560] 训练中: N=3000, T=200, s=2.1 ... 验证率: 91.71%, 耗时/轮: 0.51s"
,,,,,"[483/560] 训练中: N=3000, T=200, s=3.99 ... 验证率: 91.19%, 耗时/轮: 0.28s"
,,,,,"[484/560] 训练中: N=3000, T=200, s=7.6 ... 验证率: 90.93%, 耗时/轮: 0.23s"
,,,,,"[485/560] 训练中: N=3000, T=200, s=14.47 ... 验证率: 90.41%, 耗时/轮: 0.28s"
,,,,,"[486/560] 训练中: N=3000, T=200, s=27.57 ... 验证率: 87.82%, 耗时/轮: 0.37s"
,,,,,"[487/560] 训练中: N=3000, T=200, s=52.5 ... 验证率: 84.46%, 耗时/轮: 0.53s"
,,,,,"[488/560] 训练中: N=3000, T=200, s=100.0 ... 验证率: 86.27%, 耗时/轮: 0.68s"
,,,,,"[489/560] 训练中: N=3000, T=500, s=1.1 ... 验证率: 92.49%, 耗时/轮: 1.83s"
,,,,,"[490/560] 训练中: N=3000, T=500, s=2.1 ... 验证率: 93.26%, 耗时/轮: 0.65s"
,,,,,    ?? 发现新的最优参数组合！验证率: 93.26%
,,,,,"[491/560] 训练中: N=3000, T=500, s=3.99 ... 验证率: 91.19%, 耗时/轮: 0.38s"
,,,,,"[492/560] 训练中: N=3000, T=500, s=7.6 ... 验证率: 90.16%, 耗时/轮: 0.43s"
,,,,,"[493/560] 训练中: N=3000, T=500, s=14.47 ... 验证率: 89.38%, 耗时/轮: 0.52s"
,,,,,"[494/560] 训练中: N=3000, T=500, s=27.57 ... 验证率: 88.86%, 耗时/轮: 0.64s"
,,,,,"[495/560] 训练中: N=3000, T=500, s=52.5 ... 验证率: 87.82%, 耗时/轮: 0.72s"
,,,,,"[496/560] 训练中: N=3000, T=500, s=100.0 ... 验证率: 86.79%, 耗时/轮: 0.73s"
,,,,,"[497/560] 训练中: N=3000, T=1000, s=1.1 ... 验证率: 91.71%, 耗时/轮: 2.55s"
,,,,,"[498/560] 训练中: N=3000, T=1000, s=2.1 ... 验证率: 89.90%, 耗时/轮: 0.97s"
,,,,,"[499/560] 训练中: N=3000, T=1000, s=3.99 ... 验证率: 89.90%, 耗时/轮: 0.67s"
,,,,,"[500/560] 训练中: N=3000, T=1000, s=7.6 ... 验证率: 91.19%, 耗时/轮: 0.64s"
,,,,,"[501/560] 训练中: N=3000, T=1000, s=14.47 ... 验证率: 89.38%, 耗时/轮: 0.76s"
,,,,,"[502/560] 训练中: N=3000, T=1000, s=27.57 ... 验证率: 84.46%, 耗时/轮: 0.77s"
,,,,,"[503/560] 训练中: N=3000, T=1000, s=52.5 ... 验证率: 82.90%, 耗时/轮: 0.75s"
,,,,,"[504/560] 训练中: N=3000, T=1000, s=100.0 ... 验证率: 85.23%, 耗时/轮: 0.75s"
,,,,,"[505/560] 训练中: N=5000, T=5, s=1.1 ... 验证率: 84.20%, 耗时/轮: 3.20s"
,,,,,"[506/560] 训练中: N=5000, T=5, s=2.1 ... 验证率: 91.19%, 耗时/轮: 0.99s"
,,,,,"[507/560] 训练中: N=5000, T=5, s=3.99 ... 验证率: 87.05%, 耗时/轮: 0.46s"
,,,,,"[508/560] 训练中: N=5000, T=5, s=7.6 ... 验证率: 87.05%, 耗时/轮: 0.31s"
,,,,,"[509/560] 训练中: N=5000, T=5, s=14.47 ... 验证率: 87.56%, 耗时/轮: 0.27s"
,,,,,"[510/560] 训练中: N=5000, T=5, s=27.57 ... 验证率: 88.60%, 耗时/轮: 0.27s"
,,,,,"[511/560] 训练中: N=5000, T=5, s=52.5 ... 验证率: 89.90%, 耗时/轮: 0.30s"
,,,,,"[512/560] 训练中: N=5000, T=5, s=100.0 ... 验证率: 89.12%, 耗时/轮: 0.34s"
,,,,,"[513/560] 训练中: N=5000, T=20, s=1.1 ... 验证率: 75.39%, 耗时/轮: 2.64s"
,,,,,"[514/560] 训练中: N=5000, T=20, s=2.1 ... 验证率: 81.87%, 耗时/轮: 0.97s"
,,,,,"[515/560] 训练中: N=5000, T=20, s=3.99 ... 验证率: 87.82%, 耗时/轮: 0.44s"
,,,,,"[516/560] 训练中: N=5000, T=20, s=7.6 ... 验证率: 87.82%, 耗时/轮: 0.31s"
,,,,,"[517/560] 训练中: N=5000, T=20, s=14.47 ... 验证率: 88.86%, 耗时/轮: 0.27s"
,,,,,"[518/560] 训练中: N=5000, T=20, s=27.57 ... 验证率: 90.16%, 耗时/轮: 0.28s"
,,,,,"[519/560] 训练中: N=5000, T=20, s=52.5 ... 验证率: 89.12%, 耗时/轮: 0.32s"
,,,,,"[520/560] 训练中: N=5000, T=20, s=100.0 ... 验证率: 90.16%, 耗时/轮: 0.40s"
,,,,,"[521/560] 训练中: N=5000, T=50, s=1.1 ... 验证率: 74.09%, 耗时/轮: 2.46s"
,,,,,"[522/560] 训练中: N=5000, T=50, s=2.1 ... 验证率: 91.19%, 耗时/轮: 0.91s"
,,,,,"[523/560] 训练中: N=5000, T=50, s=3.99 ... 验证率: 87.56%, 耗时/轮: 0.43s"
,,,,,"[524/560] 训练中: N=5000, T=50, s=7.6 ... 验证率: 84.97%, 耗时/轮: 0.30s"
,,,,,"[525/560] 训练中: N=5000, T=50, s=14.47 ... 验证率: 89.90%, 耗时/轮: 0.28s"
,,,,,"[526/560] 训练中: N=5000, T=50, s=27.57 ... 验证率: 90.67%, 耗时/轮: 0.31s"
,,,,,"[527/560] 训练中: N=5000, T=50, s=52.5 ... 验证率: 87.56%, 耗时/轮: 0.37s"
,,,,,"[528/560] 训练中: N=5000, T=50, s=100.0 ... 验证率: 88.34%, 耗时/轮: 0.50s"
,,,,,"[529/560] 训练中: N=5000, T=100, s=1.1 ... 验证率: 62.69%, 耗时/轮: 2.34s"
,,,,,"[530/560] 训练中: N=5000, T=100, s=2.1 ... 验证率: 89.38%, 耗时/轮: 0.88s"
,,,,,"[531/560] 训练中: N=5000, T=100, s=3.99 ... 验证率: 86.27%, 耗时/轮: 0.42s"
,,,,,"[532/560] 训练中: N=5000, T=100, s=7.6 ... 验证率: 87.31%, 耗时/轮: 0.31s"
,,,,,"[533/560] 训练中: N=5000, T=100, s=14.47 ... 验证率: 91.45%, 耗时/轮: 0.31s"
,,,,,"[534/560] 训练中: N=5000, T=100, s=27.57 ... 验证率: 89.12%, 耗时/轮: 0.37s"
,,,,,"[535/560] 训练中: N=5000, T=100, s=52.5 ... 验证率: 88.86%, 耗时/轮: 0.53s"
,,,,,"[536/560] 训练中: N=5000, T=100, s=100.0 ... 验证率: 84.46%, 耗时/轮: 0.66s"
,,,,,"[537/560] 训练中: N=5000, T=200, s=1.1 ... 验证率: 89.12%, 耗时/轮: 2.28s"
,,,,,"[538/560] 训练中: N=5000, T=200, s=2.1 ... 验证率: 88.86%, 耗时/轮: 0.84s"
,,,,,"[539/560] 训练中: N=5000, T=200, s=3.99 ... 验证率: 86.79%, 耗时/轮: 0.42s"
,,,,,"[540/560] 训练中: N=5000, T=200, s=7.6 ... 验证率: 88.60%, 耗时/轮: 0.34s"
,,,,,"[541/560] 训练中: N=5000, T=200, s=14.47 ... 验证率: 88.08%, 耗时/轮: 0.37s"
,,,,,"[542/560] 训练中: N=5000, T=200, s=27.57 ... 验证率: 89.12%, 耗时/轮: 0.50s"
,,,,,"[543/560] 训练中: N=5000, T=200, s=52.5 ... 验证率: 89.90%, 耗时/轮: 0.69s"
,,,,,"[544/560] 训练中: N=5000, T=200, s=100.0 ... 验证率: 88.86%, 耗时/轮: 0.99s"
,,,,,"[545/560] 训练中: N=5000, T=500, s=1.1 ... 验证率: 91.97%, 耗时/轮: 2.60s"
,,,,,"[546/560] 训练中: N=5000, T=500, s=2.1 ... 验证率: 91.97%, 耗时/轮: 0.92s"
,,,,,"[547/560] 训练中: N=5000, T=500, s=3.99 ... 验证率: 91.45%, 耗时/轮: 0.52s"
,,,,,"[548/560] 训练中: N=5000, T=500, s=7.6 ... 验证率: 91.45%, 耗时/轮: 0.48s"
,,,,,"[549/560] 训练中: N=5000, T=500, s=14.47 ... 验证率: 90.93%, 耗时/轮: 0.63s"
,,,,,"[550/560] 训练中: N=5000, T=500, s=27.57 ... 验证率: 89.90%, 耗时/轮: 0.84s"
,,,,,"[551/560] 训练中: N=5000, T=500, s=52.5 ... 验证率: 89.90%, 耗时/轮: 1.08s"
,,,,,"[552/560] 训练中: N=5000, T=500, s=100.0 ... 验证率: 87.56%, 耗时/轮: 1.17s"
,,,,,"[553/560] 训练中: N=5000, T=1000, s=1.1 ... 验证率: 92.23%, 耗时/轮: 3.35s"
,,,,,"[554/560] 训练中: N=5000, T=1000, s=2.1 ... 验证率: 92.75%, 耗时/轮: 1.19s"
,,,,,"[555/560] 训练中: N=5000, T=1000, s=3.99 ... 验证率: 90.67%, 耗时/轮: 0.75s"
,,,,,"[556/560] 训练中: N=5000, T=1000, s=7.6 ... 验证率: 88.86%, 耗时/轮: 0.79s"
,,,,,"[557/560] 训练中: N=5000, T=1000, s=14.47 ... 验证率: 90.41%, 耗时/轮: 0.95s"
,,,,,"[558/560] 训练中: N=5000, T=1000, s=27.57 ... 验证率: 88.34%, 耗时/轮: 1.20s"
,,,,,"[559/560] 训练中: N=5000, T=1000, s=52.5 ... 验证率: 87.05%, 耗时/轮: 1.21s"
,,,,,"[560/560] 训练中: N=5000, T=1000, s=100.0 ... 验证率: 87.82%, 耗时/轮: 1.23s"
,,,,,
,,,,,? 网格搜索完成！
,,,,,"?? 最优参数组合: {'clauses': 3000, 'T': 500, 's': 2.1}"
,,,,,?? 最高验证集识别率: 93.26%
,,,,,
,,,,,?? 正在生成三维耦合视图...
,,,,,?? 4张高规格的三维剖面图已全部生成完毕！
